Frequency_Hz,Calcium,Event,Boutons,Fibers,Bouton_mean_average,Bouton_variance_average,Fano_of_bouton_averages,Mean_percent_A1,Mean_percent_CI_low,Mean_percent_CI_high,Mean_percent_SEM,Fano_percent_A1,Fano_percent_CI_low,Fano_percent_CI_high,Fano_percent_SEM,Median_MLE_P_A1_excluding_cap20,Var_over_Imean,Var_over_Imean_percent_A1,Var_over_Imean_percent_CI_low,Var_over_Imean_percent_CI_high,Var_over_Imean_percent_SEM,agg_method
20,1.5 mM,1,8,7,0.19731024363433725,0.020154872957662825,0.10332731951453791,100.0,100.0,100.0,0.0,100.0,100.0,100.0,0.0,0.2684027777777778,0.10332731951453791,100.0,100.0,100.0,0.0,mean
20,1.5 mM,2,8,7,0.4048909243713997,0.03304575757320922,0.07140378446322126,213.6037466627617,175.89548479988167,258.3850271886258,20.271451453440015,69.10445833560496,36.45708270370956,131.1877526068325,24.701323002275334,0.2684027777777778,0.07140378446322126,69.10445833560496,36.45708270370956,131.1877526068325,24.701323002275334,mean
20,1.5 mM,3,8,7,0.40921234940088536,0.02846348985348481,0.06420163288810828,210.652960120792,190.64192150595184,228.07949073215227,9.729420066305874,62.13422857550781,40.65328532892217,90.19009303404454,12.623446861483043,0.2684027777777778,0.06420163288810828,62.13422857550781,40.65328532892217,90.19009303404454,12.623446861483043,mean
20,1.5 mM,4,8,7,0.42202075870691036,0.03651705047774131,0.07759007633325513,215.09548712313236,192.36132512001447,235.17809150061146,11.599235831303623,75.09154084108258,42.01329001868845,118.10683502936257,19.4889316623611,0.2684027777777778,0.07759007633325513,75.09154084108258,42.01329001868845,118.10683502936257,19.4889316623611,mean
20,1.5 mM,5,8,7,0.40417001474663217,0.03963999381564992,0.07854510958013872,206.78997167721334,181.59540961492357,235.8527173737318,13.30026966496771,76.01582035532007,35.936637319666346,131.33697087405494,24.862342215210674,0.2684027777777778,0.07854510958013872,76.01582035532007,35.936637319666346,131.33697087405494,24.862342215210674,mean
20,1.5 mM,6,8,7,0.3916407882454998,0.025864626001286743,0.055094887113490844,196.36270208217098,185.04012445893292,206.8571420518953,5.612484991163716,53.32073586379943,25.677809680831672,99.02119070561135,19.084923440698077,0.2684027777777778,0.055094887113490844,53.32073586379943,25.677809680831672,99.02119070561135,19.084923440698077,mean
20,1.5 mM,7,8,7,0.39914715144336954,0.027006604432339626,0.06122865200507521,204.82625831633453,176.73229404359535,238.52516250601101,15.270937487640307,59.25698285094919,34.737769072366156,100.73516378549698,17.04196994388595,0.2684027777777778,0.06122865200507521,59.25698285094919,34.737769072366156,100.73516378549698,17.04196994388595,mean
20,1.5 mM,8,8,7,0.38190350100172743,0.03377572532639503,0.08064044267457482,194.50418814631382,180.83780418994783,208.0777136079113,7.136873344230048,78.04368007749287,53.11067419470709,114.22852614435446,15.731882248160181,0.2684027777777778,0.08064044267457482,78.04368007749287,53.11067419470709,114.22852614435446,15.731882248160181,mean
20,1.5 mM,9,8,7,0.37571982983233587,0.02981567573767575,0.06211321861517838,191.574073929901,173.7118362640454,208.23762849097753,8.811597346564353,60.11306487674752,27.762672927364335,114.89774254210666,23.159596123552525,0.2684027777777778,0.06211321861517838,60.11306487674752,27.762672927364335,114.89774254210666,23.159596123552525,mean
20,1.5 mM,10,8,7,0.38332179028193136,0.020292671370927926,0.04878593420084087,198.00661302956422,174.0245398419579,226.87851924294677,13.122503113765358,47.21494221475164,28.040276625868472,76.49570281788233,12.500948014886115,0.2684027777777778,0.04878593420084087,47.21494221475164,28.040276625868472,76.49570281788233,12.500948014886115,mean
20,2.5 mM,1,83,32,0.46596577997357225,0.057876379141660536,0.13173152924415682,100.0,100.0,100.0,0.0,100.0,100.0,100.0,0.0,0.47111808827989454,0.13173152924415682,100.0,100.0,100.0,0.0,mean
20,2.5 mM,2,83,32,0.8706764847102789,0.08700974819035319,0.09122242540135396,196.61462751053355,187.51785998111833,206.73467007403593,5.106886835002844,69.24874092388197,57.70329909844414,82.08327719301633,6.198372518312578,0.47111808827989454,0.09122242540135396,69.24874092388197,57.70329909844414,82.08327719301633,6.198372518312578,mean
20,2.5 mM,3,83,32,0.8782770368914201,0.08714078027393354,0.08885182189685269,202.50472211930543,190.8002880920612,215.3554867457951,6.3912057487208145,67.44916908401703,55.67908568447437,81.04620012743187,6.503818396725269,0.47111808827989454,0.08885182189685269,67.44916908401703,55.67908568447437,81.04620012743187,6.503818396725269,mean
20,2.5 mM,4,83,32,0.8509835018330995,0.07730644234044629,0.08348533733963007,196.7672946350929,184.34329161383883,209.4951508175753,6.309554920433406,63.3753648945309,52.945441318612,75.01449728088615,5.7499020002934165,0.47111808827989454,0.08348533733963007,63.3753648945309,52.945441318612,75.01449728088615,5.7499020002934165,mean
20,2.5 mM,5,83,32,0.8413866381735977,0.08432841254512788,0.09067651510600487,195.4895758776296,183.02177124708598,208.9235024236732,6.657657794550912,68.83432965994129,57.10426043594785,82.18742824417143,6.439272829467717,0.47111808827989454,0.09067651510600487,68.83432965994129,57.10426043594785,82.18742824417143,6.439272829467717,mean
20,2.5 mM,6,83,32,0.8308609355728092,0.06518612195792872,0.07558470157638333,195.37770643943318,182.1342246586724,209.3787112775245,7.021763950211225,57.3778365817734,48.379966241257996,67.5754703660228,4.890198845650346,0.47111808827989454,0.07558470157638333,57.3778365817734,48.379966241257996,67.5754703660228,4.890198845650346,mean
20,2.5 mM,7,83,32,0.8477607726856741,0.07619182956389331,0.0872946376730074,202.07990789853122,187.30978022505752,218.08280839918575,7.732349988066052,66.26707985087747,55.52236948740767,78.19230952395337,5.672794002480399,0.47111808827989454,0.0872946376730074,66.26707985087747,55.52236948740767,78.19230952395337,5.672794002480399,mean
20,2.5 mM,8,83,32,0.8488269651518064,0.07701630034915452,0.08650107300333511,201.5989364189513,186.61304926226944,217.0673186232475,7.805230051522958,65.66466927064238,55.1865944759744,78.11429705851599,5.941079651745207,0.47111808827989454,0.08650107300333511,65.66466927064238,55.1865944759744,78.11429705851599,5.941079651745207,mean
20,2.5 mM,9,83,32,0.8440609463540353,0.0698561889280931,0.08051102842171663,199.00542366543644,185.0462883479003,213.69533378846506,7.416153895374572,61.117508377583675,50.99042480680237,71.96010211769158,5.38001469956618,0.47111808827989454,0.08051102842171663,61.117508377583675,50.99042480680237,71.96010211769158,5.38001469956618,mean
20,2.5 mM,10,83,32,0.8518675569172794,0.0761194143901453,0.08273412161354346,201.91723591816273,185.92072919481382,218.66246668881274,8.593821005936896,62.8051022319801,51.81853996654593,74.65845063455421,5.933770612632018,0.47111808827989454,0.08273412161354346,62.8051022319801,51.81853996654593,74.65845063455421,5.933770612632018,mean
20,4 mM,1,17,10,1.2632978119983,0.15144372063755313,0.11229951230758846,100.0,100.0,100.0,0.0,100.0,100.0,100.0,0.0,0.702397504456328,0.11229951230758846,100.0,100.0,100.0,0.0,mean
20,4 mM,2,17,10,2.1197502953643577,0.29051868437338524,0.12818084266936963,166.66450704333852,155.83975774364848,177.4588895885392,5.599972053653287,114.14194063308325,78.80664180745612,165.07484143652897,22.092235064509484,0.702397504456328,0.12818084266936963,114.14194063308325,78.80664180745612,165.07484143652897,22.092235064509484,mean
20,4 mM,3,17,10,1.8838367168722798,0.20242633570473356,0.0982336310291446,147.80545900976918,133.27187413532928,163.46006893033717,7.8769384612100035,87.47467287309549,67.0353749619136,114.27912407478091,12.142104500370202,0.702397504456328,0.0982336310291446,87.47467287309549,67.0353749619136,114.27912407478091,12.142104500370202,mean
20,4 mM,4,17,10,1.801849392839769,0.2325792549004839,0.11666437530978688,142.26844044483107,128.00662569739436,157.35200030057678,7.6136499788339735,103.8868049491106,76.51733896005408,137.42891401009297,15.30543653749818,0.702397504456328,0.11666437530978688,103.8868049491106,76.51733896005408,137.42891401009297,15.30543653749818,mean
20,4 mM,5,17,10,1.6920684161842268,0.19711453150346472,0.1084507637743324,132.56768182255956,120.64358473174619,145.86546857633317,6.645353338568116,96.57278250442054,60.47937992210613,150.21072225337247,23.477890573502876,0.702397504456328,0.1084507637743324,96.57278250442054,60.47937992210613,150.21072225337247,23.477890573502876,mean
20,4 mM,6,17,10,1.6299247146198055,0.21366437218230805,0.12391385236943006,127.06625920058654,114.12202255907499,141.2543574768026,7.140647928248034,110.34228895850404,82.75797498756732,147.96896582526708,16.805022089099843,0.702397504456328,0.12391385236943006,110.34228895850404,82.75797498756732,147.96896582526708,16.805022089099843,mean
20,4 mM,7,17,10,1.7032205767481496,0.19631934038535534,0.10659552554402348,133.1212051944223,120.70448635665971,146.10462564096798,6.533808357380014,94.92073772507422,68.00155139420757,133.80213627335695,17.101419197778966,0.702397504456328,0.10659552554402348,94.92073772507422,68.00155139420757,133.80213627335695,17.101419197778966,mean
20,4 mM,8,17,10,1.625882423924426,0.19433467289635983,0.10935235444507005,126.90641499272711,114.70114731935135,139.85561829103847,6.5162941643371735,97.37562719377966,68.15571705214352,141.42289851059095,18.965900783457585,0.702397504456328,0.10935235444507005,97.37562719377966,68.15571705214352,141.42289851059095,18.965900783457585,mean
20,4 mM,9,17,10,1.6563737031392298,0.18275855856770679,0.1062980974327059,129.11404732057093,115.9301121951409,142.53033488560177,7.082699992792188,94.65588518457258,63.145359052078064,142.0336024082841,20.718143141355448,0.702397504456328,0.1062980974327059,94.65588518457258,63.145359052078064,142.0336024082841,20.718143141355448,mean
20,4 mM,10,17,10,1.6845683487425793,0.20090717498309035,0.10702204548656902,131.494697549532,117.61636262709546,146.58369027861372,7.546576091544324,95.30054341949014,68.00388041912446,127.31366931184864,15.391199657808697,0.702397504456328,0.10702204548656902,95.30054341949014,68.00388041912446,127.31366931184864,15.391199657808697,mean
50,1.5 mM,1,8,5,0.24112694343685545,0.027013591271684283,0.12120157678995197,100.0,100.0,100.0,0.0,100.0,100.0,100.0,0.0,0.3447916666666666,0.12120157678995197,100.0,100.0,100.0,0.0,mean
50,1.5 mM,2,8,5,0.46680889259094177,0.03986237454546635,0.09170954185092796,206.8280306274128,172.65790216510788,244.2303539359865,18.84031897821486,75.66695440758573,57.49422952889978,104.13852363643088,11.638863899507939,0.3447916666666666,0.09170954185092796,75.66695440758573,57.49422952889978,104.13852363643088,11.638863899507939,mean
50,1.5 mM,3,8,5,0.5417594518329071,0.041808080310385715,0.07106794934478174,230.15726934245214,195.63788878804723,270.3262898365406,18.251202387157935,58.63615905587254,40.263733230672415,84.90675916960919,11.440265353295846,0.3447916666666666,0.07106794934478174,58.63615905587254,40.263733230672415,84.90675916960919,11.440265353295846,mean
50,1.5 mM,4,8,5,0.5670991765723088,0.043522384506576604,0.07248946225033912,246.1151187915859,201.24568490174485,298.77647968616714,24.755357469259323,59.80900923093332,37.91292704291146,91.30954568382654,13.714246047310258,0.3447916666666666,0.07248946225033912,59.80900923093332,37.91292704291146,91.30954568382654,13.714246047310258,mean
50,1.5 mM,5,8,5,0.6096393334993574,0.04179584645002609,0.06514002363604365,257.11775375139973,201.54669108738278,335.7098908078027,34.280476989641095,53.74519487393664,34.39377378417364,85.49133587348366,13.239908345101684,0.3447916666666666,0.06514002363604365,53.74519487393664,34.39377378417364,85.49133587348366,13.239908345101684,mean
50,1.5 mM,6,8,5,0.5842794090421535,0.0472751366662674,0.08582568512388782,245.2621349756143,199.46954349752096,308.08080750727163,28.047537542327966,70.81235029856728,34.7980361268256,134.4741878810026,26.545767828751572,0.3447916666666666,0.08582568512388782,70.81235029856728,34.7980361268256,134.4741878810026,26.545767828751572,mean
50,1.5 mM,7,8,5,0.6021116822593627,0.033430575858226896,0.05186070324989664,256.7996384864733,195.92858191454897,335.9401934767024,35.45155101062869,42.78880244254056,27.232225351231044,67.35543924303568,10.369035411753185,0.3447916666666666,0.05186070324989664,42.78880244254056,27.232225351231044,67.35543924303568,10.369035411753185,mean
50,1.5 mM,8,8,5,0.6093817411174887,0.04629808022592838,0.07741551318621392,259.63903218957125,203.07605299273183,334.59029239434426,33.8465436060428,63.873354816479534,38.72143804337849,103.87674200050256,16.619098153832685,0.3447916666666666,0.07741551318621392,63.873354816479534,38.72143804337849,103.87674200050256,16.619098153832685,mean
50,1.5 mM,9,8,5,0.5725104844479745,0.0383216683079376,0.05788986065715767,245.54279820470364,187.87211353542804,318.3054588194815,33.75479860721654,47.7632900415838,27.54161639575482,80.90622327741693,13.7721712994963,0.3447916666666666,0.05788986065715767,47.7632900415838,27.54161639575482,80.90622327741693,13.7721712994963,mean
50,1.5 mM,10,8,5,0.6333423073991635,0.04001069391480183,0.06853585758896226,265.06305733724656,204.67027107615758,352.62295016087313,38.33582409582253,56.547001618417994,36.679299799986715,87.67341044164311,13.20894606982635,0.3447916666666666,0.06853585758896226,56.547001618417994,36.679299799986715,87.67341044164311,13.20894606982635,mean
50,2.5 mM,1,30,14,0.3578680049986236,0.047987536232545154,0.13258668400660942,100.0,100.0,100.0,0.0,100.0,100.0,100.0,0.0,0.3595302845302846,0.13258668400660942,100.0,100.0,100.0,0.0,mean
50,2.5 mM,2,30,14,0.7880992986371917,0.0851852370964493,0.10432710236670625,236.24452213982164,213.6595056937823,258.52338030047963,11.79767908237062,78.68595790622953,65.33784036366607,95.04145503750671,7.687967527868435,0.3595302845302846,0.10432710236670625,78.68595790622953,65.33784036366607,95.04145503750671,7.687967527868435,mean
50,2.5 mM,3,30,14,0.9846816180938164,0.10853125623639685,0.10425298024132049,297.3410640449273,265.575672715324,329.88771436833366,16.577708444254995,78.63005325340477,64.49295282061036,94.59991525759537,7.818370308417129,0.3595302845302846,0.10425298024132049,78.63005325340477,64.49295282061036,94.59991525759537,7.818370308417129,mean
50,2.5 mM,4,30,14,1.0695537278088323,0.11640591478573939,0.10498700773742703,316.9276429122264,283.0673232368773,352.7363765144685,18.148889159871718,79.1836740801161,64.8157001220577,95.78763731593432,7.989818582332813,0.3595302845302846,0.10498700773742703,79.1836740801161,64.8157001220577,95.78763731593432,7.989818582332813,mean
50,2.5 mM,5,30,14,1.1323076051099492,0.12150599452238507,0.10041553338968284,334.87505453361666,296.88684767520186,375.61126689985144,20.548972792684427,75.73576045138677,61.41224995766748,92.01684738981173,7.8554003051863495,0.3595302845302846,0.10041553338968284,75.73576045138677,61.41224995766748,92.01684738981173,7.8554003051863495,mean
50,2.5 mM,6,30,14,1.1957468824284219,0.11690218175660559,0.09536832980342728,353.95606661015665,312.5902811766081,398.1590979839185,22.616564604520274,71.92904062573372,57.861748281963024,90.43905102017064,8.387148105296124,0.3595302845302846,0.09536832980342728,71.92904062573372,57.861748281963024,90.43905102017064,8.387148105296124,mean
50,2.5 mM,7,30,14,1.2539450189809098,0.12760204132792383,0.09051159749180905,365.62529470520815,316.71135939030546,417.43221394170627,26.65547500292756,68.2659787217373,54.667256242614236,86.42850778863964,8.09299130598654,0.3595302845302846,0.09051159749180905,68.2659787217373,54.667256242614236,86.42850778863964,8.09299130598654,mean
50,2.5 mM,8,30,14,1.2829100659712898,0.17319433805007864,0.1168814834357947,375.19618812094404,325.3819954470041,430.00235116130756,27.57536408114217,88.15476781210411,69.04919565185867,110.09640968934428,10.509003187521774,0.3595302845302846,0.1168814834357947,88.15476781210411,69.04919565185867,110.09640968934428,10.509003187521774,mean
50,2.5 mM,9,30,14,1.3575298729712892,0.166493968264729,0.1063526462101977,394.1763284258754,339.8402954584368,455.195829218973,30.542130300516913,80.21367078227557,61.80013906846733,104.14579454622015,10.811205607982314,0.3595302845302846,0.1063526462101977,80.21367078227557,61.80013906846733,104.14579454622015,10.811205607982314,mean
50,2.5 mM,10,30,14,1.4035888309444473,0.1693750555350411,0.10044746996700445,404.86880466947133,344.6577234236177,471.5143208852065,33.53698597107874,75.75984777023096,57.960660654012955,98.89810651009057,10.263408612050599,0.3595302845302846,0.10044746996700445,75.75984777023096,57.960660654012955,98.89810651009057,10.263408612050599,mean
50,4 mM,1,12,7,0.7154810825780279,0.07067204813804247,0.08975285026261885,100.0,100.0,100.0,0.0,100.0,100.0,100.0,0.0,0.5858024691358025,0.08975285026261885,100.0,100.0,100.0,0.0,mean
50,4 mM,2,12,7,1.566886244044441,0.1208328469289901,0.09505859778652787,216.01290050152087,189.6409977886125,252.06496647814384,15.567078754993153,105.91150866895511,66.32024709485238,169.0447284155084,27.03983634247786,0.5858024691358025,0.09505859778652787,105.91150866895511,66.32024709485238,169.0447284155084,27.03983634247786,mean
50,4 mM,3,12,7,1.8385180534621535,0.11217214635853362,0.05918125135954989,254.5821375646109,217.31817751106334,301.88720980038295,21.373192448212333,65.93801888896478,44.6040737193702,104.99287380158084,15.683556325299437,0.5858024691358025,0.05918125135954989,65.93801888896478,44.6040737193702,104.99287380158084,15.683556325299437,mean
50,4 mM,4,12,7,1.9315072695266335,0.16830014361660386,0.09720708487137576,263.7604609139701,214.40178451652523,329.0939226073877,28.794118620947494,108.30529012387422,68.80753676623564,168.3785194686938,25.69295006644243,0.5858024691358025,0.09720708487137576,108.30529012387422,68.80753676623564,168.3785194686938,25.69295006644243,mean
50,4 mM,5,12,7,1.9377589437916525,0.14650558437341168,0.07780300500299776,264.0885483154326,214.00611254882534,330.9267514593688,29.235538856436527,86.68583201017508,53.302473161390715,143.5382952147735,22.93754247961753,0.5858024691358025,0.07780300500299776,86.68583201017508,53.302473161390715,143.5382952147735,22.93754247961753,mean
50,4 mM,6,12,7,1.9844720233781168,0.15039717787300108,0.07295881677786453,269.81556003552015,216.54090962018762,342.3999388638128,30.876196482681163,81.28857920877766,51.08989807391665,134.63729287641982,21.76193867268506,0.5858024691358025,0.07295881677786453,81.28857920877766,51.08989807391665,134.63729287641982,21.76193867268506,mean
50,4 mM,7,12,7,1.964235768939491,0.16610460363290694,0.08824461765114112,268.18744179186,217.44058080493414,335.26021162059965,29.583016235829124,98.31957134835874,58.3627843467947,163.52984155503972,27.396104120890307,0.5858024691358025,0.08824461765114112,98.31957134835874,58.3627843467947,163.52984155503972,27.396104120890307,mean
50,4 mM,8,12,7,2.069037234931516,0.14280994167238617,0.08097283414701262,283.6129961607689,233.54015899178364,350.1896869560289,29.138454526985157,90.21756290756706,50.904748433312676,156.8152453982828,27.68339066861606,0.5858024691358025,0.08097283414701262,90.21756290756706,50.904748433312676,156.8152453982828,27.68339066861606,mean
50,4 mM,9,12,7,2.09603755602508,0.16463911204490816,0.07470198258510159,287.4970712911517,231.88482792951297,358.92788255761417,31.165447609196505,83.23076355405084,57.26843756738585,133.27996869340126,19.673181966488073,0.5858024691358025,0.07470198258510159,83.23076355405084,57.26843756738585,133.27996869340126,19.673181966488073,mean
50,4 mM,10,12,7,2.2534917483392154,0.1414741527108458,0.06424342656938449,308.7955335120613,252.59007484830184,377.1601720137865,31.10574848440692,71.57814641140286,47.10744007502928,113.87978456706523,17.294663335856562,0.5858024691358025,0.06424342656938449,71.57814641140286,47.10744007502928,113.87978456706523,17.294663335856562,mean
