condition,Stim,n_boutons_used,agg_method,Pr,Pr_CI_low,Pr_CI_high,N,N_CI_low,N_CI_high,PPR,PPR_CI_low,PPR_CI_high,PPR_from_aggregate_N_Pr,PPR_prediction_in_CI,mean_of_ratios,ratio_of_means,corr_A1_ratio,VMR
1.5mM_20Hz,1,8,mean,0.2684027777777778,0.20138888888888895,0.33229166666666665,1.0,1.0,1.0,1.0,1.0,1.0,1.0,True,1.0,1.0,,0.10332731951453791
1.5mM_20Hz,2,8,mean,0.41822916666666665,0.3097048611111111,0.5381944444444444,1.25,1.0,1.625,2.136037466627617,1.7589548479988166,2.5838502718862584,1.947768434670116,True,2.136037466627617,2.05205222452494,-0.5278290679743125,0.07140378446322126
1.5mM_20Hz,3,8,mean,0.47934027777777777,0.3640451388888889,0.596875,1.375,1.125,1.75,2.10652960120792,1.9064192150595185,2.2807949073215226,2.4556112548512283,False,2.10652960120792,2.0739539005346983,-0.436005302521567,0.06420163288810828
1.5mM_20Hz,4,8,mean,0.4715277777777778,0.35000000000000003,0.5805555555555555,1.625,1.125,2.125,2.1509548712313236,1.9236132512001447,2.3517809150061146,2.8547865459249673,False,2.1509548712313236,2.138868975748746,-0.13640134344007618,0.07759007633325513
1.5mM_20Hz,5,8,mean,0.48177083333333326,0.38940972222222225,0.5755251736111111,1.5,1.125,2.0,2.0678997167721334,1.8159540961492358,2.358527173737318,2.692432082794307,False,2.067899716772134,2.048398538778631,-0.18460931397531077,0.07854510958013872
1.5mM_20Hz,6,8,mean,0.47326388888888893,0.33159722222222227,0.5989843749999998,1.25,1.0,1.625,1.9636270208217097,1.8504012445893292,2.068571420518953,2.2040750323415264,False,1.9636270208217097,1.9848984068526274,0.48882312427157004,0.055094887113490844
1.5mM_20Hz,7,8,mean,0.4645833333333333,0.3541666666666667,0.5854166666666667,1.375,1.125,1.75,2.0482625831633454,1.7673229404359534,2.38525162506011,2.3800129366106075,True,2.0482625831633445,2.0229418609562106,-0.20672592343555385,0.06122865200507521
1.5mM_20Hz,8,8,mean,0.4201388888888889,0.3638888888888889,0.47291666666666665,1.375,1.125,1.75,1.9450418814631383,1.8083780418994784,2.080777136079113,2.1523285899094433,False,1.9450418814631387,1.9355482714292591,-0.16885211421592053,0.08064044267457482
1.5mM_20Hz,9,8,mean,0.50625,0.4076215277777777,0.6131944444444445,1.5,1.125,2.0,1.91574073929901,1.7371183626404538,2.0823762849097753,2.8292367399741263,False,1.91574073929901,1.9042084329318143,-0.16608771447688497,0.06211321861517838
1.5mM_20Hz,10,8,mean,0.4421875,0.3111111111111111,0.5727430555555555,1.375,1.125,1.75,1.9800661302956422,1.740245398419579,2.2687851924294677,2.2652813712807243,True,1.9800661302956422,1.9427363892587235,-0.35825333146057514,0.04878593420084087
1.5mM_50Hz,1,8,mean,0.3447916666666666,0.25,0.434375,1.125,1.0,1.375,1.0,1.0,1.0,1.0,True,1.0,1.0,,0.12120157678995197
1.5mM_50Hz,2,8,mean,0.4895833333333333,0.37500000000000006,0.5895833333333333,1.5,1.125,1.875,2.068280306274128,1.7265790216510788,2.442303539359865,1.8932527693857,True,2.068280306274128,1.9359466260276557,-0.6804367880626289,0.09170954185092796
1.5mM_50Hz,3,8,mean,0.5458333333333334,0.44999999999999996,0.6395833333333334,1.75,1.3718750000000002,2.25,2.3015726934245215,1.9563788878804722,2.7032628983654057,2.462571332661968,True,2.301572693424521,2.2467810693862966,-0.2797200701493785,0.07106794934478174
1.5mM_50Hz,4,8,mean,0.5513888888888889,0.4596875,0.6444444444444444,1.875,1.375,2.5,2.461151187915859,2.0124568490174486,2.987764796861671,2.66532393420611,True,2.4611511879158585,2.351869801397024,-0.4193321490112662,0.07248946225033912
1.5mM_50Hz,5,8,mean,0.5911458333333334,0.48749999999999993,0.6859765624999998,1.75,1.125,2.5,2.5711775375139974,2.015466910873828,3.357098908078027,2.6670023497818067,True,2.5711775375139974,2.528292047375474,-0.11742563822256853,0.06514002363604365
1.5mM_50Hz,6,8,mean,0.5548611111111111,0.4215277777777777,0.6881944444444444,1.5,1.0,2.0,2.452621349756143,1.9946954349752095,3.0808080750727163,2.1456864719704605,True,2.452621349756143,2.4231195432341233,-0.09946576337021504,0.08582568512388782
1.5mM_50Hz,7,8,mean,0.55625,0.4,0.6875,1.75,1.25,2.5,2.5679963848647334,1.9592858191454898,3.3594019347670243,2.509566968781471,True,2.5679963848647334,2.497073423970305,-0.18955881175561434,0.05186070324989664
1.5mM_50Hz,8,8,mean,0.6026041666666666,0.53125,0.6807421874999999,1.875,1.125,2.625,2.5963903218957127,2.0307605299273184,3.3459029239434424,2.9128902316213496,True,2.5963903218957127,2.5272237620225506,-0.1944320535633893,0.07741551318621392
1.5mM_50Hz,9,8,mean,0.5671875,0.39843750000000006,0.7109374999999999,1.5,1.0,2.25,2.4554279820470364,1.8787211353542805,3.183054588194815,2.193353474320242,True,2.4554279820470364,2.374311540169708,-0.22844244021133175,0.05788986065715767
1.5mM_50Hz,10,8,mean,0.6197916666666667,0.4937500000000001,0.7479166666666666,1.875,1.375,2.625,2.6506305733724655,2.0467027107615756,3.5262295016087313,2.995971802618329,True,2.6506305733724655,2.6265928575709685,-0.05928942072608297,0.06853585758896226
2.5mM_20Hz,1,83,mean,0.47111808827989454,0.4324136498936139,0.5114033132877909,1.6746987951807228,1.5180722891566265,1.8313253012048192,1.0,1.0,1.0,1.0,True,1.0,1.0,,0.13173152924415682
2.5mM_20Hz,2,83,mean,0.584695301214325,0.5522802552019461,0.6189842459755381,2.8313253012048194,2.5301204819277108,3.156927710843372,1.9661462751053356,1.8751785998111834,2.067346700740359,2.098229007408351,False,1.9661462751053362,1.8685416872450606,-0.43075992059838153,0.09122242540135396
2.5mM_20Hz,3,83,mean,0.6024338430549747,0.5677772825009204,0.6378991506890849,2.819277108433735,2.5180722891566263,3.1328313253012032,2.0250472211930544,1.908002880920612,2.153554867457951,2.1526857674243307,True,2.025047221193055,1.8848530828620775,-0.4864415532991584,0.08885182189685269
2.5mM_20Hz,4,83,mean,0.5884402526998047,0.5534992143742065,0.6210802763331787,2.6987951807228914,2.433734939759036,2.963855421686747,1.9676729463509288,1.8434329161383882,2.094951508175753,2.0128240474966144,True,1.9676729463509295,1.8262789638358514,-0.5009688345551553,0.08348533733963007
2.5mM_20Hz,5,83,mean,0.5950873342021472,0.5645214542439853,0.6276078560813952,2.710843373493976,2.4578313253012047,2.952108433734938,1.9548957587762958,1.8302177124708598,2.089235024236732,2.0446484409730834,True,1.9548957587762952,1.8056833234005252,-0.5039025659912901,0.09067651510600487
2.5mM_20Hz,6,83,mean,0.604737117250226,0.5741581695432358,0.6365590361604474,2.5903614457831323,2.3734939759036147,2.7951807228915664,1.9537770643943317,1.821342246586724,2.093787112775245,1.9854570923370456,True,1.9537770643943317,1.7830943199733094,-0.5436204816570961,0.07558470157638333
2.5mM_20Hz,7,83,mean,0.6054654787610584,0.5744066431192724,0.6366410737193611,2.710843373493976,2.4578313253012047,2.9759036144578315,2.0207990789853123,1.8730978022505753,2.1808280839918575,2.0803064963088116,True,2.0207990789853127,1.8193627281680562,-0.5829072846375131,0.0872946376730074
2.5mM_20Hz,8,83,mean,0.6016109041021596,0.5693755931460581,0.6335077640022744,2.7228915662650603,2.5060240963855422,2.9518072289156625,2.015989364189513,1.8661304926226945,2.170673186232475,2.076249586886951,True,2.015989364189513,1.821650862859391,-0.5498843602258382,0.08650107300333511
2.5mM_20Hz,9,83,mean,0.6133126958216251,0.5764276257909412,0.6489457521478752,2.602409638554217,2.3852409638554217,2.8433734939759034,1.9900542366543643,1.850462883479003,2.1369533378846506,2.0229778458671044,True,1.9900542366543643,1.811422603612453,-0.5326042605654498,0.08051102842171663
2.5mM_20Hz,10,83,mean,0.5963630189809631,0.5637384058485345,0.6287408355117837,2.6265060240963853,2.3734939759036147,2.891566265060241,2.0191723591816273,1.8592072919481382,2.1866246668881275,1.9852838923798504,True,2.0191723591816264,1.8281762170724092,-0.4909975541132317,0.08273412161354346
2.5mM_50Hz,1,30,mean,0.3595302845302846,0.29689170089170086,0.42708966496466505,1.5,1.2666666666666666,1.7333333333333334,1.0,1.0,1.0,1.0,True,1.0,1.0,,0.13258668400660942
2.5mM_50Hz,2,30,mean,0.5569739982239983,0.5178564745439745,0.5948560640748141,2.7333333333333334,2.3333333333333335,3.1333333333333333,2.3624452213982163,2.136595056937823,2.5852338030047965,2.8229343686296295,False,2.3624452213982163,2.2022066449897437,-0.5136751034411102,0.10432710236670625
2.5mM_50Hz,3,30,mean,0.6216739371739374,0.5819435647685648,0.6623929260554259,3.2666666666666666,2.8333333333333335,3.7,2.973410640449273,2.65575672715324,3.2988771436833364,3.765656868571742,False,2.973410640449273,2.751521802284626,-0.5013972545207869,0.10425298024132049
2.5mM_50Hz,4,30,mean,0.6312758907758909,0.5961828264328264,0.6648397250897252,3.5,2.966666666666667,4.1,3.169276429122264,2.830673232368773,3.5273637651446847,4.0969485516400335,False,3.1692764291222635,2.9886821757450655,-0.3754277597503616,0.10498700773742703
2.5mM_50Hz,5,30,mean,0.6544583996250665,0.613957257248924,0.6923464379756047,3.6,3.033333333333333,4.2,3.348750545336167,2.9688684767520184,3.7561126689985147,4.368756198527842,False,3.3487505453361672,3.164036989320418,-0.33734369491503324,0.10041553338968284
2.5mM_50Hz,6,30,mean,0.6648299354966021,0.6303016683933351,0.6990023744773745,3.6333333333333333,3.1333333333333333,4.166666666666667,3.5395606661015666,3.125902811766081,3.981590979839185,4.479082605968312,False,3.5395606661015666,3.3413070342318556,-0.32975112679693447,0.09536832980342728
2.5mM_50Hz,7,30,mean,0.6504014173657031,0.602212159170195,0.6916083618762191,3.8666666666666667,3.2333333333333334,4.566666666666666,3.6562529470520815,3.167113593903055,4.174322139417063,4.663279819420201,False,3.656252947052081,3.503931621341038,-0.21692233505297823,0.09051159749180905
2.5mM_50Hz,8,30,mean,0.6342640763794611,0.5912317129095975,0.6786297064047065,4.233333333333333,3.433333333333333,5.200833333333329,3.7519618812094406,3.2538199544700412,4.300023511613076,4.978813324318405,False,3.7519618812094406,3.5848694156836514,-0.2279363229395342,0.1168814834357947
2.5mM_50Hz,9,30,mean,0.6478839854352675,0.5947555982123289,0.696703945105227,4.433333333333334,3.5,5.566666666666666,3.9417632842587538,3.398402954584368,4.55195829218973,5.325996709874891,False,3.9417632842587538,3.7933815094101817,-0.18300483505144938,0.1063526462101977
2.5mM_50Hz,10,30,mean,0.6504161239994573,0.6018780747801582,0.6985747448539115,4.566666666666666,3.6,5.666666666666667,4.048688046694713,3.446577234236177,4.715143208852065,5.5076188028895805,False,4.048688046694713,3.9220852698185347,-0.14219291084925367,0.10044746996700445
4mM_20Hz,1,17,mean,0.702397504456328,0.6661554515745692,0.7399821746880572,3.823529411764706,3.176470588235294,4.470588235294118,1.0,1.0,1.0,1.0,True,1.0,1.0,,0.11229951230758846
4mM_20Hz,2,17,mean,0.7245741023682198,0.6900252843561665,0.7582920486376367,6.205882352941177,5.147058823529412,7.382352941176471,1.6666450704333853,1.5583975774364847,1.774588895885392,1.6743218720905275,True,1.6666450704333855,1.677949787636623,0.14488973948496492,0.12818084266936963
4mM_20Hz,3,17,mean,0.7096280272015565,0.6638849085963057,0.7529389880952378,5.823529411764706,4.588235294117647,7.117647058823529,1.4780545900976918,1.3327187413532928,1.6346006893033718,1.538755569804981,True,1.478054590097692,1.4912055565840046,0.12024834438505216,0.0982336310291446
4mM_20Hz,4,17,mean,0.7065304630010512,0.6639259955730544,0.7467044817927171,5.647058823529412,4.470588235294118,7.0,1.4226844044483107,1.2800662569739436,1.5735200030057679,1.4856134008663444,True,1.4226844044483105,1.4263061138288375,0.034057863265559304,0.11666437530978688
4mM_20Hz,5,17,mean,0.7329575163398692,0.6733316993464051,0.7896384803921567,5.117647058823529,4.0,6.294117647058823,1.3256768182255956,1.206435847317462,1.4586546857633316,1.3966955160334085,True,1.3256768182255951,1.3394057997359248,0.14828956829813864,0.1084507637743324
4mM_20Hz,6,17,mean,0.6574214837450132,0.6039104065868771,0.7088909154570919,5.294117647058823,4.294117647058823,6.352941176470588,1.2706625920058654,1.14122022559075,1.412543574768026,1.2959554878751924,True,1.2706625920058654,1.2902141515163164,0.1972039861245285,0.12391385236943006
4mM_20Hz,7,17,mean,0.6977501909854851,0.6487465039045921,0.7416104957134368,5.176470588235294,4.176470588235294,6.294117647058823,1.331212051944223,1.2070448635665971,1.4610462564096798,1.344888622778204,True,1.3312120519442228,1.3482336156776638,0.18791315939987843,0.10659552554402348
4mM_20Hz,8,17,mean,0.6959659621424328,0.648922894915542,0.7409011862320685,5.0,4.0,6.0588235294117645,1.269064149927271,1.1470114731935135,1.3985561829103847,1.2957183494178002,True,1.2690641499272712,1.287014359149871,0.19802093379358568,0.10935235444507005
4mM_20Hz,9,17,mean,0.7126208513708514,0.6598090145148969,0.7595748238689414,4.9411764705882355,3.8823529411764706,6.0588235294117645,1.2911404732057092,1.1593011219514089,1.4253033488560176,1.3111171410528086,True,1.2911404732057092,1.3111506150075243,0.2043121345771888,0.1062980974327059
4mM_20Hz,10,17,mean,0.6883303624480094,0.6552107737034206,0.7210185574229692,5.117647058823529,4.176470588235294,6.119117647058815,1.31494697549532,1.1761636262709545,1.465836902786137,1.3116557363128183,True,1.3149469754953202,1.3334689039616945,0.17643923340938034,0.10702204548656902
4mM_50Hz,1,12,mean,0.5858024691358025,0.5081442901234567,0.6584992283950618,2.5,1.9166666666666667,3.0,1.0,1.0,1.0,1.0,True,1.0,1.0,,0.08975285026261885
4mM_50Hz,2,12,mean,0.7112213403880071,0.63307208994709,0.782753802910053,4.333333333333333,3.5,5.25,2.1601290050152087,1.8964099778861252,2.5206496647814385,2.1044357469015003,True,2.1601290050152087,2.189975783005502,0.1470435655677069,0.09505859778652787
4mM_50Hz,3,12,mean,0.7821942974720754,0.7360320216049383,0.8208248824221046,4.833333333333333,3.5,6.25,2.545821375646109,2.1731817751106335,3.0188720980038295,2.5814884506665328,True,2.5458213756461086,2.5696249673542564,0.08573428937860235,0.05918125135954989
4mM_50Hz,4,12,mean,0.7286265432098764,0.6662037037037037,0.7924614197530864,5.25,3.9166666666666665,6.666666666666667,2.637604609139701,2.1440178451652523,3.2909392260738772,2.6119994731296097,True,2.637604609139701,2.6995923673719067,0.1665486575414957,0.09720708487137576
4mM_50Hz,5,12,mean,0.759781746031746,0.699761078042328,0.817494708994709,5.25,3.8333333333333335,6.75,2.6408854831543263,2.1400611254882533,3.309267514593688,2.723685458377239,True,2.6408854831543263,2.7083300886300194,0.17729425585215985,0.07780300500299776
4mM_50Hz,6,12,mean,0.7674906305114638,0.711815476190476,0.8172563244047619,5.416666666666667,3.8333333333333335,7.166666666666667,2.6981556003552014,2.165409096201876,3.4239993886381277,2.8386639758643186,True,2.6981556003552014,2.7736191378081574,0.1877685108497618,0.07295881677786453
4mM_50Hz,7,12,mean,0.7279409171075836,0.646445381393298,0.7978747795414464,5.5,4.25,6.916666666666667,2.6818744179186,2.1744058080493414,3.3526021162059965,2.7338055095589335,True,2.6818744179186,2.7453357143447294,0.16551019579058873,0.08824461765114112
4mM_50Hz,8,12,mean,0.7566688712522045,0.688005787037037,0.8189767416225749,5.583333333333333,4.247916666666667,7.0,2.8361299616076887,2.3354015899178364,3.5018968695602886,2.8847502383461285,True,2.8361299616076887,2.8918126353199187,0.1474218260200752,0.08097283414701262
4mM_50Hz,9,12,mean,0.774025974025974,0.7352660533910534,0.8160768398268399,5.5,4.0,7.166666666666667,2.874970712911517,2.3188482792951297,3.5892788255761414,2.9068794219479153,True,2.874970712911517,2.9295499308977098,0.13506598224991279,0.07470198258510159
4mM_50Hz,10,12,mean,0.7960493827160492,0.7514108796296296,0.8385833333333332,5.833333333333333,4.333333333333333,7.416666666666667,3.087955335120613,2.5259007484830183,3.7716017201378653,3.1707762557077617,True,3.087955335120613,3.1496175136027547,0.15311871142001926,0.06424342656938449
