Stim,Pr_1.5mM_20Hz,Pr_1.5mM_50Hz,Pr_2.5mM_20Hz,Pr_2.5mM_50Hz,Pr_4mM_20Hz,Pr_4mM_50Hz,N_1.5mM_20Hz,N_1.5mM_50Hz,N_2.5mM_20Hz,N_2.5mM_50Hz,N_4mM_20Hz,N_4mM_50Hz,PPR_1.5mM_20Hz,PPR_1.5mM_50Hz,PPR_2.5mM_20Hz,PPR_2.5mM_50Hz,PPR_4mM_20Hz,PPR_4mM_50Hz
1,0.2684027777777778,0.3447916666666666,0.47111808827989454,0.3595302845302846,0.702397504456328,0.5858024691358025,1.0,1.125,1.6746987951807228,1.5,3.823529411764706,2.5,1.0,1.0,1.0,1.0,1.0,1.0
2,0.41822916666666665,0.4895833333333333,0.584695301214325,0.5569739982239983,0.7245741023682198,0.7112213403880071,1.25,1.5,2.8313253012048194,2.7333333333333334,6.205882352941177,4.333333333333333,2.136037466627617,2.068280306274128,1.9661462751053356,2.3624452213982163,1.6666450704333853,2.1601290050152087
3,0.47934027777777777,0.5458333333333334,0.6024338430549747,0.6216739371739374,0.7096280272015565,0.7821942974720754,1.375,1.75,2.819277108433735,3.2666666666666666,5.823529411764706,4.833333333333333,2.10652960120792,2.3015726934245215,2.0250472211930544,2.973410640449273,1.4780545900976918,2.545821375646109
4,0.4715277777777778,0.5513888888888889,0.5884402526998047,0.6312758907758909,0.7065304630010512,0.7286265432098764,1.625,1.875,2.6987951807228914,3.5,5.647058823529412,5.25,2.1509548712313236,2.461151187915859,1.9676729463509288,3.169276429122264,1.4226844044483107,2.637604609139701
5,0.48177083333333326,0.5911458333333334,0.5950873342021472,0.6544583996250665,0.7329575163398692,0.759781746031746,1.5,1.75,2.710843373493976,3.6,5.117647058823529,5.25,2.0678997167721334,2.5711775375139974,1.9548957587762958,3.348750545336167,1.3256768182255956,2.6408854831543263
6,0.47326388888888893,0.5548611111111111,0.604737117250226,0.6648299354966021,0.6574214837450132,0.7674906305114638,1.25,1.5,2.5903614457831323,3.6333333333333333,5.294117647058823,5.416666666666667,1.9636270208217097,2.452621349756143,1.9537770643943317,3.5395606661015666,1.2706625920058654,2.6981556003552014
7,0.4645833333333333,0.55625,0.6054654787610584,0.6504014173657031,0.6977501909854851,0.7279409171075836,1.375,1.75,2.710843373493976,3.8666666666666667,5.176470588235294,5.5,2.0482625831633454,2.5679963848647334,2.0207990789853123,3.6562529470520815,1.331212051944223,2.6818744179186
8,0.4201388888888889,0.6026041666666666,0.6016109041021596,0.6342640763794611,0.6959659621424328,0.7566688712522045,1.375,1.875,2.7228915662650603,4.233333333333333,5.0,5.583333333333333,1.9450418814631383,2.5963903218957127,2.015989364189513,3.7519618812094406,1.269064149927271,2.8361299616076887
9,0.50625,0.5671875,0.6133126958216251,0.6478839854352675,0.7126208513708514,0.774025974025974,1.5,1.5,2.602409638554217,4.433333333333334,4.9411764705882355,5.5,1.91574073929901,2.4554279820470364,1.9900542366543643,3.9417632842587538,1.2911404732057092,2.874970712911517
10,0.4421875,0.6197916666666667,0.5963630189809631,0.6504161239994573,0.6883303624480094,0.7960493827160492,1.375,1.875,2.6265060240963853,4.566666666666666,5.117647058823529,5.833333333333333,1.9800661302956422,2.6506305733724655,2.0191723591816273,4.048688046694713,1.31494697549532,3.087955335120613
